Username,Review Date,Review
Padi Takhu,Reviewed in India on 25 June 2023,"If you would be building pc just for gaming and slight editing or coding here and there this is perfect and the cost is really low considering what performance it gives, this CPU is by no means a low end CPU dont go gentle with that price the intel 12100f can easily handle GPUs upto gtx3060 or rx6800. Just go for it and say no to ryzen in this price for gaming."
shubham,Reviewed in India on 16 November 2022,"This is one of the best cpu in budget if you only looking for gaming.For productivity it not worth buying then you should go for i5 12400fBut for gaming and light cpu workload it work like butter smooth.I have teated some games in it , you can check it on my YT channel R tech studio."
Debasis Dhar,Reviewed in India on 15 August 2022,Got this on sale for 7.26k.. Really enjoyed with processor. Heatsink fan provided looks good but sounds badly at peak usage. Replaced it with air cooler
Lakhan Lal Uraon,Reviewed in India on 11 November 2023,Performance is good
Ruchit,Reviewed in India on 24 August 2023,"Product is good but by looking at packaging anyone can judge that it is used. While checking warranty found that out of 3 year warranty, 6 months is already passed."
Jayanth,Reviewed in India on 26 April 2023,Cpu stock cooler fan got broken with 1 blade in box was creating noise and virbration in cpu but processor was working fine so thought to replace but if replace it i dont know what i am gonna get with broken cpu chip so i replaced stock cooler with deepcool air cooler now it's working fine please don't buy critical pc parts from Amazon you may end up getting with broken parts worst packing
Ashutosh Aswal,Reviewed in India on 20 June 2023,"The Processor is Good & Works Fine. But The Delivery was awful, one of the blades of the fan was broken. As i already had another dedicated cpu cooler, i didn't raise a return. I expected Better from Appario. Apart From this the Processor itself works fine."
Doraemon,Reviewed in Italy on 6 October 2022,"ğŸ“‹ â­Descrizione del Prodottoâ­ :l'IntelÂ® i3 12100F Ã¨ un processore di 12Â° generazione,dotato di 4 coread alte prestazioni di ultima generazione e 8 thread,monta su schedemadri con attacco LGA1700,supporta le Ram DDR4 e DDR5,supporta leconnessioni PCI-E 5.0 e 4.0,ha un clock di sistema da un minimodi 3.3GHz e fino a 4.3GHz,ha un consumo minimo di 60W e 89W dipicco,non Ã¨ previsto l'overclock per alzare ulteriormente lafrequenza operativa,ma supporta l'overclock delle RAM sia inDDR4 che in DDR5,questa funzione gli permette di guadagnarein prestazioni (soprattutto nel gaming) quasi paragonabiliall'overclock del processore se fosse sbloccato.Questa Ã¨ in sintesi la sinossi di questo processore,il web Ã¨ pieno di recensioni molto piÃ¹ tecniche chespiegano perchÃ¨ l'Intel i3 1200F Ã¨ al momento,la migliore ed unica CPU da gaming nellafascia dei 110/130 euro.Le prestazioni sono inequivocabilmente eccellenti per chidesidera giocare in full-hd mantenendo un budget basso.Inoltre in molti videogames se la gioca alla pari conprocessori dal costo quasi doppio e con qualche Core in piÃ¹.Si difende molto bene anche nei benchmark a singolo core,tuttavia nei carichi con molti core perde qualcosa ovviamente.La doppia compatibilitÃ  sia con DDR4 che con DDR5 e conil PCI-E 4.0 e 5.0 ci permette di poter scegliere ancheuna scheda madre dal prezzo adeguato al nostro budget,come ad esempio una H610 compatibile con l'i3 12000Fma che supporta le sole DDR4 e il PCI-E 4.0.Quindi scheda madre economica e che monta RAM DDR4 facilmentereperibili a prezzi piÃ¹ umani delle DDR5 giusto per capirci,inoltre l'i312000F Ã¨ prestante e competitivo anche con le DDR4 e vari testsul web lo dimostrano.ğŸ“¦ â­Confezioneâ­ :La scatola Ã¨ nel classico colore Intel,con sigillo da rimuovere,a riprova di un prodotto nuovo,all'interno troviamo il processorenella sua vaschetta in plastica,un ottimo dissipatore intel,adeguatoalla CPU in oggetto con giÃ  il cerotto dissipante applicato alla sua base,un sintetico manuale con attaccato nella pagina principale l'adesivo staccabiledi IntelÂ® Core i3 da apporre,se si vuole,sul fronte del case.ğŸšš â­Spedizioneâ­ :A cura di Amazon,quindi rapida,sicura econforme agli standard dell'azienda.ğŸ“‰ğŸ“ˆ â­Considerazioni finaliâ­ :Un ottimo processore dalle ottime performance se si vuole tenere la spesa inun certo range ma che si difende benissimo sia nel gaming che nei lavori ditutti i giorni.il mio voto personale relazionato al rapporto Prestazioni/prezzoÃ¨ di â­â­â­â­â­ stelle.La mia scala di voto Ã¨ cosÃ¬ definita:â­ï¸ stella prodotto da evitareâ­ï¸â­ï¸ stelle prodotto insufficiente,â­ï¸â­ï¸â­ï¸ stelle prodotto sufficiente,â­ï¸â­ï¸â­ï¸â­ï¸ stelle prodotto buono,â­ï¸â­ï¸â­ï¸â­ï¸â­ï¸ stelle prodotto ottimo.Spero che questa mia recensione ti abbia aiutato a capiredi che tipo di prodotto si tratta.Saluti...ğŸ‘‹"
Melwin Hilmersson,Reviewed in Sweden on 30 December 2023,stod nÃ¤r jag bestÃ¤llde att den skulle komma 5 januari sen dagen efter kollar jag och ser att den kommer 9 januari
Rogeria souza,Reviewed in Brazil on 27 January 2024,"Muito bom, super recomendo"
Product kharap hai. On nhi ho raha. Or return nhi ho raha. Warrenty vi nhi de raha ye lok. Ye product kharap h kharid na mat. dur raho sob isse,Reviewed in India on 15 October 2023,Good product
Mohit Solanki,Reviewed in India on 14 February 2022,The most important thing is to notice that in this 10100F model needs an external graphics card. That makes it a costly processor.
Ratheesh Kumar kp,Reviewed in India on 3 October 2023,Kerala Kozhikode
Ananya C,Reviewed in India on 16 August 2022,This is as a good processor but this processor requires separate graphics card. Without graphics card there will be no display.
ROHIT CHAUHAN,Reviewed in India on 9 February 2023,Sexy processor i3 10100F beat i7 9generation
Akshath Mada,Reviewed in India on 10 July 2021,"If you are buying this processor you need to have external graphics card , it doesn't have inbuilt VGA output...u need to spend extra on a external graphics card. Better go for 10100, the one without F..."
i3 10th generation,Reviewed in India on 7 May 2024,Maine i3 10th gen 10100f order kiya tha lekin aya 10105f my money loss ..ğŸ˜­ğŸ˜­.. return policy kam nahi kar raha hai ğŸ˜­
dpsingh,Reviewed in India on 14 September 2022,This processor is very nice and vey cheap
Guramrit Singh,Reviewed in India on 2 November 2023,i bought 2 of these and its good for entry level gaming but not for the stuff i wanted to do unfortunately so the cpu and motherboard i bought are waste for me gotta get 100mb l3 cache cpu 6cores. overall okay cpu i3!
Muthuselvam,Reviewed in India on 3 March 2022,"This processor is not having internal GPU, hence if we don't have the external graphics card installed to the system, system won't boot. Please be informed with this information, I bought it without knowing this information and QA feedback shows it doesn't required additional graphics card. Don't get fooled with question and answers feedback."
NEHRU  VM,Reviewed in India on 1 November 2023,"Performance , Quality, Speed ,Value for Money  is  Good"
Placeholder,Reviewed in India on 20 October 2023,mast hai bhai le lo working is good.
Raja,Reviewed in India on 4 June 2023,Better than 10th gen I5 10600.What fo you ask for?Motherboards are really pricey now a days.
Shivashankar,Reviewed in India on 21 October 2022,"Those who are looking for budget processor for 'basic use' , they can go for it. This processor is perfect for them.  simply don't waste your money on high end processor , which may not required for your work."
lalit,Reviewed in India on 28 June 2023,Working fine
Chakradhar,Reviewed in India on 11 September 2022,This processor can run gta 5 at 29-30 fps with 8gb Ram and no graphics card!
Kavin Raj,Reviewed in India on 23 January 2024,Once it delivered... I unboxed the processor it has a broken blade...
Hiran K,Reviewed in India on 22 June 2022,affordable gaming CPU.marginal performance improvementcompare 12100 with asus h610 & 16gb 3000mhz ram to my i3 3570 3rd gen with B75 motherboard & 8gb 1600mhz ram on PUBG 10-20 fps increase.( crucial SSD and 1660 graphic card)but smooth no lagwill install windows11 and seebetter get 12400 or 12600 for gamingor wait 13th gen i5
Amazon Customer,Reviewed in India on 14 September 2023,"Can't launch even a small game, hangs all the time.  But it's with graphics processor but graphics doesn't work properly.  It is with graphics processor in name only."
dolcegra,Reviewed in Italy on 22 January 2024,"PROCESSORE TRANQUILLO PER UFFICIO.CON UNA POTENZA BASE DI 6OW E TURBO DI 89W LA CPU E' SILENZIOSA.E' OVVIO CHE SE LA SI FA' ANDARE AL 100 PER CENTO IN MULTY CORE LA VENTOLINA STOCK UN PO' SI SENTE  MA ,A MIO AVVISO ,ACCETTABILE.CON CINEBENCH 2024 HO RAGGIUNTO 60 GRADI MAX CON UN CASE HTPC(AIR FLOW NON ECCEZIONALE)E DIREI OTTIMO!POSSIBILITA' DI USARE DDR5 FINO 4800MHZ.CONCLUSIONE:PROMOSSO A PIENI VOTI."
Product kharap hai. On nhi ho raha. Or return nhi ho raha. Warrenty vi nhi de raha ye lok. Ye product kharap h kharid na mat. dur raho sob isse,Reviewed in India on 15 October 2023,Good product
Mohit Solanki,Reviewed in India on 14 February 2022,The most important thing is to notice that in this 10100F model needs an external graphics card. That makes it a costly processor.
Ratheesh Kumar kp,Reviewed in India on 3 October 2023,Kerala Kozhikode
Ananya C,Reviewed in India on 16 August 2022,This is as a good processor but this processor requires separate graphics card. Without graphics card there will be no display.
ROHIT CHAUHAN,Reviewed in India on 9 February 2023,Sexy processor i3 10100F beat i7 9generation
Akshath Mada,Reviewed in India on 10 July 2021,"If you are buying this processor you need to have external graphics card , it doesn't have inbuilt VGA output...u need to spend extra on a external graphics card. Better go for 10100, the one without F..."
i3 10th generation,Reviewed in India on 7 May 2024,Maine i3 10th gen 10100f order kiya tha lekin aya 10105f my money loss ..ğŸ˜­ğŸ˜­.. return policy kam nahi kar raha hai ğŸ˜­
dpsingh,Reviewed in India on 14 September 2022,This processor is very nice and vey cheap
Guramrit Singh,Reviewed in India on 2 November 2023,i bought 2 of these and its good for entry level gaming but not for the stuff i wanted to do unfortunately so the cpu and motherboard i bought are waste for me gotta get 100mb l3 cache cpu 6cores. overall okay cpu i3!
Muthuselvam,Reviewed in India on 3 March 2022,"This processor is not having internal GPU, hence if we don't have the external graphics card installed to the system, system won't boot. Please be informed with this information, I bought it without knowing this information and QA feedback shows it doesn't required additional graphics card. Don't get fooled with question and answers feedback."
NEHRU  VM,Reviewed in India on 1 November 2023,"Performance , Quality, Speed ,Value for Money  is  Good"
Placeholder,Reviewed in India on 20 October 2023,mast hai bhai le lo working is good.
Raja,Reviewed in India on 4 June 2023,Better than 10th gen I5 10600.What fo you ask for?Motherboards are really pricey now a days.
Shivashankar,Reviewed in India on 21 October 2022,"Those who are looking for budget processor for 'basic use' , they can go for it. This processor is perfect for them.  simply don't waste your money on high end processor , which may not required for your work."
lalit,Reviewed in India on 28 June 2023,Working fine
Chakradhar,Reviewed in India on 11 September 2022,This processor can run gta 5 at 29-30 fps with 8gb Ram and no graphics card!
Kavin Raj,Reviewed in India on 23 January 2024,Once it delivered... I unboxed the processor it has a broken blade...
Hiran K,Reviewed in India on 22 June 2022,affordable gaming CPU.marginal performance improvementcompare 12100 with asus h610 & 16gb 3000mhz ram to my i3 3570 3rd gen with B75 motherboard & 8gb 1600mhz ram on PUBG 10-20 fps increase.( crucial SSD and 1660 graphic card)but smooth no lagwill install windows11 and seebetter get 12400 or 12600 for gamingor wait 13th gen i5
Amazon Customer,Reviewed in India on 14 September 2023,"Can't launch even a small game, hangs all the time.  But it's with graphics processor but graphics doesn't work properly.  It is with graphics processor in name only."
dolcegra,Reviewed in Italy on 22 January 2024,"PROCESSORE TRANQUILLO PER UFFICIO.CON UNA POTENZA BASE DI 6OW E TURBO DI 89W LA CPU E' SILENZIOSA.E' OVVIO CHE SE LA SI FA' ANDARE AL 100 PER CENTO IN MULTY CORE LA VENTOLINA STOCK UN PO' SI SENTE  MA ,A MIO AVVISO ,ACCETTABILE.CON CINEBENCH 2024 HO RAGGIUNTO 60 GRADI MAX CON UN CASE HTPC(AIR FLOW NON ECCEZIONALE)E DIREI OTTIMO!POSSIBILITA' DI USARE DDR5 FINO 4800MHZ.CONCLUSIONE:PROMOSSO A PIENI VOTI."
Awaddd,Reviewed in the United Kingdom on 27 April 2024,Really good and can basically run any game I throw at it.(Paired with a 1650 Ventus
Kristopher K.,Reviewed in Germany on 31 March 2023,"Dieser Prozessor hat sich als eine gute Wahl fÃ¼r meinen Low-Budget-PC herausgestellt. Er bietet ausreichend Leistung fÃ¼r alltÃ¤gliche Aufgaben wie Surfen im Internet und Bearbeiten von Dokumenten. Auch einfache Spiele laufen problemlos. Der Turbo-Boost sorgt fÃ¼r zusÃ¤tzliche Power, wenn sie benÃ¶tigt wird. Der Preis ist im Vergleich zu hÃ¶heren Modellen sehr erschwinglich. Ich bin mit dem Intel Core i3-10105F sehr zufrieden und wÃ¼rde ihn jedem empfehlen, der einen kostengÃ¼nstigen PC bauen mÃ¶chte.Mein Patenkind konnte Fortnite problemlos auf meinem Low-Budget-PC mit dem Intel Core i3-10105F und einer RTX 2070 Super spielen. NatÃ¼rlich gibt es Grenzen fÃ¼r komplexe Anwendungen und Spiele, aber fÃ¼r alltÃ¤gliche Aufgaben und einfache Spiele ist dieser Prozessor vollkommen ausreichend. Die Installation war einfach und die Leistung ist stabil. Wenn man bedenkt, dass es eine preisgÃ¼nstige Option fÃ¼r einen Prozessor der 10. Generation ist, bin ich sehr zufrieden damit."
Lorenzo Ruiz,Reviewed in Australia on 16 November 2021,"Was tired of salvaging old pc parts, just not reliable long term esp. if you have important files. Future proofed myself for the next few years with this intel i3 10th gen comet lake refresh cpu. See 3rd picture for benchmark. Happy with purchase!"
Raoul,Reviewed in Mexico on 18 May 2022,Increible funciona de maravilla junto con 16gb de ram TEAMGROUP T-Force Vulcan Z DDR4 y una Asus TUF-GTX1650-O4GD6-P-GAMING todo en una Asus Prime H510M-E INCREIBLE corre desde Escape from Tarkov hasta Elden Ring lo recomiendo mucho
SeFra,Reviewed in Italy on 25 November 2022,"Lasciate perdere commenti o recensioni di gente che capisce poco di informatica...questo non Ã¨ un semplice processore SOLO da ufficio o internet, Ã¨ un gran bel processore con un prezzo incredibile...non esiste nessun processore sotto i 130 euro che lontanamente si avvicini alle sue prestazioni..abbinatelo ad una buona scheda video e vi darÃ  grandi soddisfazioni anche in game. Ottima la stabilitÃ . Lo consiglio."
Bruno wescley de castro Miranda,Reviewed in Brazil on 20 January 2023,"Ã“timo processador custo benefÃ­cio, tinha um i7 da terceira geraÃ§Ã£o e esse mesmo sendo i3 Ã© superior aos top das linhas passadas, meus jogos melhoraram bastante com minha GTX 1660"
C. M.,Reviewed in France on 27 May 2023,"Bon marchÃ© et efficace pour une utilisation basique, gÃ©nÃ©ration plus Ã¢gÃ©e."
Kuba,Reviewed in the Netherlands on 2 October 2023,Waar is mijn geld!!! Ik wacht 4 weeken op
Gabriel Vilas,Reviewed in Spain on 19 September 2023,Por el precio que tiene es el mejor procesador del mercado para un uso normal o gaming bÃ¡sico.El procesador con el disipador de serie funciona sin problemas y no veo necesario buscar otra soluciÃ³n de refrigeraciÃ³n a no ser que se quiera hacer un uso realmente intenso y en tal caso un disipador de 20/30â‚¬ te hace el apaÃ±o y mÃ¡s.
Feng Yang,Reviewed in the United Kingdom on 20 September 2021,"Too good to not not-leave a review. Got it Â£75, each core cost only Â£19. played a set of games, Performance is close to I5 10400F. very happy with it. it is cool and quite, the MAX temperature I have is about 55c with a budget cooler master cooler."
ARUN,Reviewed in India on 24 April 2024,The processor was very power efficient i develop android apps and web development and for this the processor was beast and I do some little gaming with rx580 which combination was superb  with 5400mhz ddr5 memory 1 tb ssd . . .
Ayush,Reviewed in India on 14 May 2024,Try to get it under 10k and check the rankings in details sections before buying anything
Hruaia,Reviewed in India on 24 March 2024,"I upgrade from 9400f. The performance gain is a huge. I use cooler master hyper 212 with this and my cbinet have 3 intake 2 exhaust fan, Temp never cross 60Â°c even when full load stress test. The efficiency of this processor is incredible runs below 1.2 volt. It never reach 1.2v even when doing Multi core stress test.If you're building mid range PC for gaming purpose this is the cpu you should consider. At this price point there's nothing that can beat this processor."
Yavvari,Reviewed in India on 18 February 2024,"This will not work without graphic card, So be careful before ordering."
Mr.GeAr,Reviewed in India on 7 April 2024,Best ğŸ‘Œ gaming and multitasking processor at the price of 12k for budget pc of of 80 k arround
Joy Mukherjee,Reviewed in India on 28 January 2024,"It runs well for productivity tasks, 6 cores cpu is minimum requirement for smooth running any large software."
Sagar Jadhav,Reviewed in India on 30 November 2023,"Got at the cheapest price of 10250Rs in the sale. I was a bit worried about getting scammed since this Processor was never sold for this low price, but guess I was in luck. The performance is just as good as expected ğŸ˜„"
Asad Shirazi,Reviewed in India on 27 December 2023,"This is the king in Price-to-performance ratio.Paired with a 1660S, most games are giving me 90-100 FPS on high settings."
Vijay David,Reviewed in India on 14 November 2023,"This one has no graphics processing unit and hence if you use this without graphics card, the bios will not boot.Other than that this is an excellent processor"
Gautam Kumar,Reviewed in India on 18 November 2023,
ARUN,Reviewed in India on 24 April 2024,The processor was very power efficient i develop android apps and web development and for this the processor was beast and I do some little gaming with rx580 which combination was superb  with 5400mhz ddr5 memory 1 tb ssd . . .
Ayush,Reviewed in India on 14 May 2024,Try to get it under 10k and check the rankings in details sections before buying anything
Hruaia,Reviewed in India on 24 March 2024,"I upgrade from 9400f. The performance gain is a huge. I use cooler master hyper 212 with this and my cbinet have 3 intake 2 exhaust fan, Temp never cross 60Â°c even when full load stress test. The efficiency of this processor is incredible runs below 1.2 volt. It never reach 1.2v even when doing Multi core stress test.If you're building mid range PC for gaming purpose this is the cpu you should consider. At this price point there's nothing that can beat this processor."
Yavvari,Reviewed in India on 18 February 2024,"This will not work without graphic card, So be careful before ordering."
Mr.GeAr,Reviewed in India on 7 April 2024,Best ğŸ‘Œ gaming and multitasking processor at the price of 12k for budget pc of of 80 k arround
Joy Mukherjee,Reviewed in India on 28 January 2024,"It runs well for productivity tasks, 6 cores cpu is minimum requirement for smooth running any large software."
Sagar Jadhav,Reviewed in India on 30 November 2023,"Got at the cheapest price of 10250Rs in the sale. I was a bit worried about getting scammed since this Processor was never sold for this low price, but guess I was in luck. The performance is just as good as expected ğŸ˜„"
Asad Shirazi,Reviewed in India on 27 December 2023,"This is the king in Price-to-performance ratio.Paired with a 1660S, most games are giving me 90-100 FPS on high settings."
Vijay David,Reviewed in India on 14 November 2023,"This one has no graphics processing unit and hence if you use this without graphics card, the bios will not boot.Other than that this is an excellent processor"
Gautam Kumar,Reviewed in India on 18 November 2023,
Shivam s.,Reviewed in India on 10 October 2023,Box contents: Intel core i5 12400 processor chip and CPU fan/cooler. This processor is good for daily routine tasks but for heavy load usage and gaming go for the Intel core i5 13400 or 13500 processor.
Harisankar Sahoo,Reviewed in India on 26 March 2024,I am build my first pc this processor
Placeholder,Reviewed in India on 7 March 2024,I love this
Amazon Customer,Reviewed in India on 17 July 2023,Good and efficient ğŸ‘
Dr. Abdul Azeez,Reviewed in India on 15 January 2024,Getting optimal speed without any overheating issue
Zainul,Reviewed in India on 27 January 2024,I received this product without any defects
Mehebub Alam,Reviewed in India on 25 October 2023,Super
Mukesh Kumar gupta,Reviewed in India on 11 October 2023,Best deal rs.13200
GOA,Reviewed in India on 7 March 2023,"Ideal for regular work.I do some basic  photo and video editing too,  without any problems.Gamers / high end users should go for higher specs if the intention is higher usage."
Anshul Nimboria,Reviewed in India on 26 December 2022,Very powerfull processor in this range u dont need saparate graphic card if you are on low end pc games...u have a option for gaming untill u use graphic card.....pavking is original and recieved unused favtory packed processor....
Sarvkar Trading,Reviewed in India on 18 February 2024,"Nice Product, value for money"
pankaj raman,Reviewed in India on 26 May 2021,I am not a gamer. I just bought for my software purpose like MATLAB & Python and programming.  This processor on msi b460m-a pro runs so smooth with wd 500gb ssd. It turns on within 3-5 seconds. Earlier it took 10min to 1hr to open my Matlab on pentium core 2 duo. But on this it starts within 10 seconds. What an improvement.  Highly recommend for students and academic works.
Bijoy paul,Reviewed in India on 15 April 2024,Intel best processor
Premjit,Reviewed in India on 15 November 2020,Amazing CPU for the price if you mainly like to game on your pc. this is the best value processor in the market right now.Ryzen 5 3600 processor is overpriced right now and not worth that price premium.Just get an z490 and 4000mhz ram and see high fps gaming on budget.I am using msi z490 a pro and hyperx predator ram.
Tkroy,Reviewed in India on 6 June 2021,"Great value for money, but the stock chooler is inadequate, please buy a tower cooler to get the most out of this, it will get insanely hot if you don't get a good aftermarket cooler. Any time it hits 100% usage the temperature gets about 85Â°C and then thermal throttles."
Ashish Rana,Reviewed in India on 8 November 2022,It the one of the processor which all in one
Kuldeep Aggarwal,Reviewed in India on 26 April 2021,"Product was installed in the computer. After working for 7-10 days it has stopped working. Now I am unable to get any information where should I approach. I contacted supplier he say talk to Amazon, I am yet to contact Amazon"
Soumyaditya R.,Reviewed in India on 1 April 2023,SEAL BROKEN
Anirban P.,Reviewed in India on 24 November 2020,"It's a major step up from my i3 9400F, really loving the performance jumps between generations as the competition from AMD heats up. No thermal issues, but I am using an AIO cooler with 120mm radiator, so that's expected. I don't think I've seen it go above 50Â°C."
Placeholder,Reviewed in India on 11 March 2021,The heat fan of the processor should get upgraded from Intel. We only a single type of fan Intel provides with each of their processors. I mean look at AMD's. They contain way better than Intel. And yeah â— price is high too.
Gigi john,Reviewed in India on 25 March 2024,"I bought this i5 11400f in 2023 and still it does its job with no sweat. Well my purpose is editing in premier pro and gaming @1080p resolution. Paired with rtx 3060, its a beast at 1080p. Played competitive games and high graphics intense games like forza horizon 5 etc etc... Does its job fine. A common statement is intel processor's heat better than amd processors, well it is true. It heats very well, stock cooler not enough, my pc even shut downed 3 times when playing high end games used with stock cooler. A decent air cooler is enough to calm down this one, it is not unlocked in fact, so no explanation needed i guess. If u are gonna build a new pc build in 2024 or onwards , please consider 12th gen atleast because u can have great future upgradability chance. When said all these, i took this over 12400f because i felt this enough for my needs and it didn't disappointed me. When considering it is just an i5 i got flabbergasted by its performance fr. Many people say 11th gen is bad but i felt it as worthy for the money i spent and im not gonna do upgrades in future so... Yeah overall it is a good product and im happy with itğŸ‘. Once again, don't even consider any of 11th gen processors if u are gonna pc build in 2024 and future because 13th gen and 12 th gen is way more future proof that this 11th gen. So yeah that's it."
Lawrence,Reviewed in India on 1 November 2023,Good
Vijendra kumar meena,Reviewed in India on 8 October 2023,"The media could not be loaded.
                



Some time my cpu is hang"
Placeholder,Reviewed in India on 30 June 2022,"Good processor, have a background check about who is selling you this."
Milton,Reviewed in India on 29 July 2023,Compatible with Intel 500 series & select Intel 400 series chipset based motherboardsIntel Optane Memory SupportThermal solution includedPCIe Gen 4.0 Support
Gaming zone,Reviewed in India on 6 May 2023,I am very happy...like temparature...like perfomance...and naver heat..
Surender suthar,Reviewed in India on 19 November 2022,"The media could not be loaded.
                



This Processor in window 11 Smoothly runNormal gamming & ragular usese best processor"
Soumyajit Das,Reviewed in India on 11 September 2023,Received a seal broken used product .
Kumar Jayant,Reviewed in India on 17 January 2023,Worst packaging I have seen. A 100 â‚¹ item is better packed then this one. Fortunately it survived.
UMESH CHAND,Reviewed in India on 16 September 2022,à¤¬à¤¾à¤œà¤¾à¤° à¤•à¥‡ à¤°à¥‡à¤Ÿ à¤¸à¥‡ à¤¬à¤¹à¥à¤¤ à¤œà¥à¤¯à¤¾à¤¦à¤¾ à¤ªà¥ˆà¤¸à¥‡ à¤¹à¥ˆà¤‡à¤¤à¤¨à¥‡ à¤ªà¥ˆà¤¸à¥‡ à¤®à¥‡à¤‚ i7 à¤† à¤œà¤¾à¤¤à¤¾ à¤¹à¥ˆ à¤¬à¤¾à¤œà¤¾à¤° à¤¸à¥‡11 à¤œà¤¨à¤°à¥‡à¤¶à¤¨ à¤•à¤¾ à¤† à¤œà¤¾à¤¤à¤¾ à¤¹à¥ˆ
Krishna Priyo Hazra,Reviewed in India on 25 November 2023,Nice product.... You can go for it !!
Steven,Reviewed in the United States on 3 August 2023,"The Intel Core i5-13600K (Latest Gen) Desktop Processor is a true powerhouse, delivering unparalleled performance with its 14 cores, consisting of 6 P-cores and 8 E-cores. This processor has far exceeded my expectations, providing seamless multitasking and blazing-fast performance for all my computing needs.The standout feature of the Intel Core i5-13600K is its 14 cores, making it one of the most powerful processors in its class. The 6 primary cores (P-cores) are designed for single-threaded tasks and applications, ensuring lightning-fast responsiveness and smooth user experience. Additionally, the 8 efficient cores (E-cores) cater to multithreaded workloads, providing exceptional multitasking capabilities and maximizing productivity.With the latest generation technology, the i5-13600K unleashes the true potential of Intel's cutting-edge processor architecture. Whether I'm gaming, streaming, video editing, or running intensive software applications, this processor handles it all with ease.The integrated graphics of the i5-13600K eliminate the need for a discrete graphics card for everyday tasks and light gaming, providing a cost-effective and space-saving solution for those who don't require dedicated graphics processing.The unlocked multiplier of this processor allows for easy overclocking, making it an excellent choice for enthusiasts and gamers who want to push their system's performance even further.I appreciate the low power consumption of the i5-13600K despite its impressive performance, contributing to energy efficiency and reduced operating costs.The Intel Core i5-13600K is compatible with the latest motherboard chipsets, ensuring seamless integration and future upgradability.Intel is a trusted brand known for producing high-quality processors, and the i5-13600K continues that legacy, providing a reliable and stable computing experience.In conclusion, the Intel Core i5-13600K (Latest Gen) Desktop Processor with its 14 cores is a performance beast, capable of handling the most demanding computing tasks with ease. Its balanced combination of P-cores and E-cores, unlocked multiplier, integrated graphics, and energy efficiency make it an ideal choice for power users and gamers alike. If you're looking to unleash the full potential of your desktop, the Intel Core i5-13600K is the ultimate processor that won't disappoint. I highly recommend this processor for its outstanding performance and the incredible multitasking capabilities it brings to my computing experience!"
Joje LIBRE,Reviewed in Singapore on 30 July 2023,i5 1X600Ks are always that sweet spot!Great thermals and excellent performance!Time to buy a 7900 XTX!
Antonio herrera,Reviewed in Mexico on 24 May 2024,Es un poco caliente pero con muy bien rendimiento lo recomiendo
Just a dude,Reviewed in Canada on 29 March 2024,"Words cannot describe the change in performance.I thought my 9600k was still a decent chip before I upgraded. Now I see although it was decent, I was missing a lot. My rtx 2080 super didnâ€™t get upgraded this year but Iâ€™m sure itâ€™ll need to by next year as itâ€™s now always peaked at 100% in games. While my gpu works a sweat trying to not burn itself to the ground, this 13600k sits around 20-30% usage and around 50 degrees Celsius in most situations.Depending on the motherboard, you may want to tweak â€œCPU lite loadâ€ settings. My MSI mobo defaulted to mode 12 and was causing overheating issues due to current. Now dialed back to mode 9, I have lost no performance what so ever, I actually gained almost a thousand extra points in cinebench by not letting it get hot.Overall Iâ€™m very happy and would highly recommend this cpu to anyone."
é‡æ‘,Reviewed in Japan on 6 January 2024,ã‚³ã‚¹ãƒ‘è‰¯ã„ã§ã™
JoÃ£o Paulo,Reviewed in Brazil on 26 April 2024,"Ã‰ Intel nÃ©, sÃ³ colocar e pronto. LÃ³gico que vocÃª pode configurar algumas coisas para ter mais desempenho. Mas basicamente Ã© sÃ³ colocar que vai ter um Ã³timo desempenho. Sobre Durabilidade ou se vai ter algum problema, sÃ³ o tempo pode mostrar."
YUDI UTOMO,Reviewed in Australia on 4 January 2023,Ahoy captain
Amazon Customer,Reviewed in Canada on 27 April 2024,"This processor was on the higher end of my budget, but oh man it was worth it. 6p, 8e cores totalling to 20 threads gives me ample compute to do all sorts of intensive tasks. I can run Cyberpunk 2077 at 1440p 60fps on ultra settings, run LLM workloads, transcode video and audio on the fly, all at the same time, and the processor will only be at 60% usage on all threads."
Alex trejo,Reviewed in Mexico on 8 January 2024,"Es una bestia de procesador, para montar desde una 3060 hasta una 4090, de los mejores"
Vikas Chamoli,Reviewed in India on 13 March 2023,Good condition and working properly
Juan_08,Reviewed in Spain on 23 April 2024,Un procesador rÃ¡pido en todas las tareas de instituto como PowerPoint Excel CanvasCon un 7800xt nada de cuello de botellaViene con una refrigeraciÃ³n por aire mejor que generaciones pasadas y pasta termica preaplicada
david tower,Reviewed in Germany on 6 May 2024,Macht das was er soll der Wechsel von i5 3470 auf 13400f ist Hammer gut
Iwan Mulhall,Reviewed in the United Kingdom on 9 March 2024,This CPU is well priced and very fast for the price. Very happy customer indeed. Highly recommended!
Blah,Reviewed in France on 30 September 2023,"Le processeur Intel Core i5-13400F offre des performances solides Ã  un excellent rapport qualitÃ©-prix.1. **Performances :** Les performances du i5-13400F sont impressionnantes, offrant une puissance de traitement rapide et efficace pour les tÃ¢ches quotidiennes et les jeux.2. **Architecture :** BasÃ© sur l'architecture Alder Lake, ce processeur bÃ©nÃ©ficie des derniÃ¨res avancÃ©es technologiques, garantissant une efficacitÃ© Ã©nergÃ©tique accrue et des performances optimisÃ©es.3. **MultitÃ¢che :** La gestion du multitÃ¢che est robuste grÃ¢ce Ã  ses six cÅ“urs et douze threads, permettant une exÃ©cution fluide de plusieurs applications simultanÃ©es.4. **Jeu :** Les performances en jeu sont convaincantes, offrant des frÃ©quences d'images stables dans une large gamme de titres, en faisant un choix solide pour les joueurs sur un budget.5. **Refroidissement :** La consommation d'Ã©nergie modÃ©rÃ©e contribue Ã  un fonctionnement relativement frais, bien que l'ajout d'un systÃ¨me de refroidissement efficace puisse optimiser davantage les performances.6. **Rapport QualitÃ©-Prix :** Le i5-13400F offre un excellent rapport qualitÃ©-prix, idÃ©al pour les utilisateurs cherchant des performances compÃ©titives sans exploser leur budget.En rÃ©sumÃ©, le processeur Intel Core i5-13400F reprÃ©sente un choix Ã©quilibrÃ© pour ceux qui recherchent des performances fiables Ã  un coÃ»t raisonnable, le plaÃ§ant comme un concurrent de choix sur le marchÃ© des processeurs milieu de gamme."
Sergio Ferraro,Reviewed in Italy on 5 April 2024,Anche essendo lâ€™i5 piÃ¹ piccolo fa egregiamente il suo dovere. Mai un problema o un blocco nonostante abbia il suo dissipatore stock. Lo uso per produttivitÃ  e qualche piccolo gioco. Consigliato
Jacek,Reviewed in Poland on 5 April 2023,"Procesor bardzo mocny, spokojnie przez lata obsÅ‚uÅ¼y. Przesiadka z 5 generacji Intela na 13 :) Procesor przyszedÅ‚ w wersji OEM, ale obsÅ‚uga nadaÅ‚a mi zniÅ¼kÄ™ na zakup chÅ‚odzenia, wiÄ™c jestem zadowolony. Gwarancja jest 2 lata, wiÄ™c jest ok."
"Detta kÃ¤nns inte som en ny produkt nÃ¤r den packades upp ur leveranslÃ¥dan, dem Ã¤r uppenbarligen uppackad fÃ¶rr ev refurbished?",Reviewed in Sweden on 8 December 2023,
William Kakert,Reviewed in Belgium on 19 April 2024,tres content de la livraison et du produit
Carlos,Reviewed in the Netherlands on 28 July 2023,"Absolutely stunning cpu for the price, if you pair it with the 3060 you can play everything"
Nitesh Bhatia,Reviewed in India on 3 September 2023,This processor is absolutely incredible with no doubtâ€™sâ€¦ The only this you have to keep in mind that go for atleast 360 AIO for more better performanceâ€¦
yogesh Kumar,Reviewed in India on 28 March 2023,The Media could not be loaded.The Most Powerful cpu at this price bracket no doubt.Amazing Performance Loved it.
Nilesh Nikte,Reviewed in India on 16 January 2024,
Dhruv Joshi,Reviewed in India on 14 January 2023,This is my best buy so far for gaming and editing. It runs great whatever you throw. Excellent performance so far. Cinebench score is 29000 at 125 TDP.Suggestion: Buy only if you have very good amount of cooler.
Robert Johnson,Reviewed in the United States on 8 March 2024,"I bought this to replace my 10850k after I realized how much it was holding back my 4090.  I bought an ASRock z790 PG lightning /d4 board to go with it so I could use my existing DDR4 ram.  The difference was night and day!  I have an ID-Cooling 280mm AIO (cheapest I could find on Amazon) with a contact frame and kyronaut thermal grizzly extreme paste and does not thermal throttle on Cinebench R23 unless I run 3 or 4 passes back to back.  I am thrilled with how well this CPU runs.I was able to bump my DDR4 up to 4200mhz in gear 1 (timings cl20/26/26/26/48) after a bios update from ASRock and this thing is rock solid and crazy fast!  I get an average of 30500 in cinebench r23 and it will overclock as far as you want - I have taken it to 5.7 and it runs fine, it just thermal throttles quickly at that speed.  I'm pretty sure I could overclock this beast to the moon if I threw a lot more money into a custom cooling loop, but it is plenty fast as is.  I have no regrets about not bumping up to the 13900k, I do gaming and code compiling and it is a dream for both of those workloads."
adrian f.,Reviewed in Italy on 27 May 2024,"Senza cooler, senza packo original intel"
Amazon ã‚«ã‚¹ã‚¿ãƒãƒ¼,Reviewed in Japan on 29 December 2023,RTX4070tiã¨ã®çµ„ã¿åˆã‚ã›ã§ã€ç¾è¡Œã®ã‚²ãƒ¼ãƒ ã®ã»ã¨ã‚“ã©ã¯4Kè¨­å®šã§ãƒ—ãƒ¬ã‚¤å‡ºæ¥ã¾ã™ã€‚ç°¡æ˜“æ°´å†·ã§å†·ã‚„ã—ã¦ã¾ã™ãŒã€ã‚²ãƒ¼ãƒ ä¸­ã§ã‚‚ãƒ•ã‚¡ãƒ³ã¯é™ã‹ã§ã™ã€‚
MarÃ­a,Reviewed in Spain on 24 April 2024,Muy buena marca
Cliente de Amazon,Reviewed in Mexico on 31 March 2024,muy buen procesador 13700k va bien sigo usÃ¡ndolo despuÃ©s de muchos meses sigue trabajando llego nuevo de paquete eso da confianza  algo caro pero estoy satisfecho
RubberCheese,Reviewed in Canada on 24 July 2023,"This processor performs well and is a solid performance upgrade from my old i7-6700K. According to HWMonitor, the CPU package hovers around 15W power consumption doing desktop tasks (web browsing / email / Office).Compared to my i7-6700K (video card and PSU unchanged; new motherboard, ram, and heatsink&fan):- System power consumption at idle and doing desktop tasks is about 5W higher than my 6700K in normal mode, or about 15W lower in â€œecoâ€ mode in my motherboardâ€™s settings- Synthetic benchmarks (3dmark CPU Profile) indicate 2x performance for single-core processing and 4x performance for maximum threads- Real-life video encoding is roughly 3x faster using PowerDirectorNote that this LGA1700 socket is known to allow some bending (this causes poorer contact with heatsink which may cause throttling). This can be remedied by installing a pressure plate (I bought a Thermalright LGA1700-BCF for around $12).If you donâ€™t need a built-in GPU, consider the i7-13700KF; the built-in GPU is nice to have but not always worth the premium. If you also donâ€™t plan to overclock, consider the i7-13700F."
This processor is absolutely incredible with no doubt's..But if you guys are thinking buy this one then I suggest please go for 360 AIOâ€¦,Reviewed in India on 3 September 2023,This processor is absolutely incredible with no doubtâ€™sâ€¦ The only this you have to keep in mind that go for atleast 360 AIO for more better performanceâ€¦
yogesh Kumar,Reviewed in India on 28 March 2023,"The media could not be loaded.
                



Most powerful cpu at this price bracket no doubt. Amazing performance.love it"
Nilesh Nikte,Reviewed in India on 16 January 2024,
Dhruv Joshi,Reviewed in India on 14 January 2023,This is my best buy so far for gaming and editing. It runs great whatever you throw. Excellent performance so far. Cinebench score is 29000 at 125 TDP.Suggestion: Buy only if you have very good amount of cooler.
Robert Johnson,Reviewed in the United States on 8 March 2024,"I bought this to replace my 10850k after I realized how much it was holding back my 4090.  I bought an ASRock z790 PG lightning /d4 board to go with it so I could use my existing DDR4 ram.  The difference was night and day!  I have an ID-Cooling 280mm AIO (cheapest I could find on Amazon) with a contact frame and kyronaut thermal grizzly extreme paste and does not thermal throttle on Cinebench R23 unless I run 3 or 4 passes back to back.  I am thrilled with how well this CPU runs.I was able to bump my DDR4 up to 4200mhz in gear 1 (timings cl20/26/26/26/48) after a bios update from ASRock and this thing is rock solid and crazy fast!  I get an average of 30500 in cinebench r23 and it will overclock as far as you want - I have taken it to 5.7 and it runs fine, it just thermal throttles quickly at that speed.  I'm pretty sure I could overclock this beast to the moon if I threw a lot more money into a custom cooling loop, but it is plenty fast as is.  I have no regrets about not bumping up to the 13900k, I do gaming and code compiling and it is a dream for both of those workloads."
adrian f.,Reviewed in Italy on 27 May 2024,"Senza cooler, senza packo original intel"
Amazon ã‚«ã‚¹ã‚¿ãƒãƒ¼,Reviewed in Japan on 29 December 2023,RTX4070tiã¨ã®çµ„ã¿åˆã‚ã›ã§ã€ç¾è¡Œã®ã‚²ãƒ¼ãƒ ã®ã»ã¨ã‚“ã©ã¯4Kè¨­å®šã§ãƒ—ãƒ¬ã‚¤å‡ºæ¥ã¾ã™ã€‚ç°¡æ˜“æ°´å†·ã§å†·ã‚„ã—ã¦ã¾ã™ãŒã€ã‚²ãƒ¼ãƒ ä¸­ã§ã‚‚ãƒ•ã‚¡ãƒ³ã¯é™ã‹ã§ã™ã€‚
MarÃ­a,Reviewed in Spain on 24 April 2024,Muy buena marca
Cliente de Amazon,Reviewed in Mexico on 31 March 2024,muy buen procesador 13700k va bien sigo usÃ¡ndolo despuÃ©s de muchos meses sigue trabajando llego nuevo de paquete eso da confianza  algo caro pero estoy satisfecho
RubberCheese,Reviewed in Canada on 24 July 2023,"This processor performs well and is a solid performance upgrade from my old i7-6700K. According to HWMonitor, the CPU package hovers around 15W power consumption doing desktop tasks (web browsing / email / Office).Compared to my i7-6700K (video card and PSU unchanged; new motherboard, ram, and heatsink&fan):- System power consumption at idle and doing desktop tasks is about 5W higher than my 6700K in normal mode, or about 15W lower in â€œecoâ€ mode in my motherboardâ€™s settings- Synthetic benchmarks (3dmark CPU Profile) indicate 2x performance for single-core processing and 4x performance for maximum threads- Real-life video encoding is roughly 3x faster using PowerDirectorNote that this LGA1700 socket is known to allow some bending (this causes poorer contact with heatsink which may cause throttling). This can be remedied by installing a pressure plate (I bought a Thermalright LGA1700-BCF for around $12).If you donâ€™t need a built-in GPU, consider the i7-13700KF; the built-in GPU is nice to have but not always worth the premium. If you also donâ€™t plan to overclock, consider the i7-13700F."
Anish Roy,Reviewed in India on 28 June 2022,"No doubt, 12th gen Intel processors are a marvel of computing technology. Although there is a continuing tug of war between Intel and AMD in this regard. I personally chose Intel Core i7 (12700K) with inbuilt UHD graphics for my newly built desktop PC. For those, who don't want to use a separate and usually exorbitantly priced graphics cards, this processor is a very good alternative. It can handle most of the processing intensive rendering of Blender easily with its unlocked overclocking (obviously you have to use the supporting motherboard, i.e. presently available Z690 chipset motherboards). It can also smoothly handle almost all the tasks of Adobe Lightroom and Photoshop with no hiccups. Not to mention the support of 4K video with HDR if you are looking for some decent and the latest entertainment in your PC. I would suggest this 12th Gen i7 to those who want to use their PC for content creation purpose in the best possible way and also at the same time save some money (compared to 12th Gen i9, which would ideally be the best anyway, but costlier too). The price is still at a high level. Hopefully this comes down soon with the launch of Intel's 13th Gen processors!"
Maxrock89,Reviewed in India on 29 March 2022,"I have paired this processor with Asus Prime Z690A motherboard and 32G 5200Mhz DDR5 ram. My usage is mostly for Adobe suite for 4K video rendering & photoediting (without dedicated eGPU) and ocassonal AAA title gaming like GTA5, Battlefield, Cpunk,etc.The processor works like a charm for rendering and Games upto 75Hz in 1080p ultra setting.Overall good processor for the price and more review to come in future edits."
Andy,Reviewed in Japan on 25 May 2023,è‡ªåˆ†ã®CPUãŒçµæ§‹å¤ã„ã®ã§ã€12å¹´ã¶ã‚Šã«ã‚¢ãƒƒãƒ—ã‚°ãƒ¬ãƒ¼ãƒ‰ã—ã¾ã—ãŸã€‚æœ€åˆã¯RYZENã«è¿·ã£ã¦ã„ãŸãŒã€çµæœã“ã‚Œã‚’è³¼å…¥ã™ã‚‹ã“ã¨ã«ã—ã¾ã—ãŸã€‚çµæœã¯ã™ã”ãæº€è¶³ã§ã€å‹é”ã®ä¼¼ãŸã‚ˆã†ãªã®RYZENã®CPUã¨åŒã˜ã‚²ãƒ¼ãƒ å®Ÿè¡Œã—ã¦ã¿ãŸçµæœã€è‡ªåˆ†ã®PCã®æ–¹ãŒå‹ã£ã¦ã„ã¾ã™ï¼ï¼ï¼ˆç¬‘ï¼‰
Nicolo,Reviewed in Italy on 13 February 2024,"Processore eccellente, montato sul pc perfettamente senza intoppi, regge benissimo i giochi semplici anche senza scheda video"
"Does the job and bright enough through the dark night, Red LED works really well and charge is holding up nicely. Can recommend the seller/product.",Reviewed in Australia on 2 April 2024,"Working well, stable and can be overclock - with correct cooling setup. Good price too."
Allan,Reviewed in Canada on 23 May 2024,"Does exactly what it's supposed to do, my computer works great"
Chaw Koh Yong,Reviewed in Singapore on 29 December 2023,Good value purchase to build a system.
William,Reviewed in the United Kingdom on 10 April 2024,"So, being an AMD fanboy, I was not keen on getting this, but the c/t (cores to threads) kinda caught my eye. Running 12 cores, and 20 threads (4 e-cores i think) I thought, well, for the price, it should be okay?I was wrong...This cpu is a monster in my eyes. Running with 32GB of ram (ddr4) and matched with the RTX 4070 GPU being cooled by the Artic Liquid Freezer ii, there is nothing stopping this from performing to its max. I would recommend this piece of kit to anyone, starting out or continuing on with building computers for their ""high end"" gaming etc. I have not once seen this struggle."
Javi_abj,Reviewed in Spain on 23 August 2023,Es lo que se espera de sus especificaciones.
CÃ©sar Quevedo,Reviewed in Mexico on 5 May 2023,"Al momento de comprarlo tenÃ­a duda sobre si me llegarÃ­a muy maltratado, ya que es importado de Amazon USA, pero venÃ­a en excelente estado, cumplieron con el tiempo de entrega y no tuve absolutamente ningÃºn problema en el envÃ­o ni en la entrega, ademÃ¡s de que estÃ¡ a un precio mÃ¡s bajo que el resto. Lo recomiendo ampliamente, sobre todo para las personas como yo que estÃ¡n armando su primer PC Gamer y de trabajo y buscan pieza por pieza."
Manas ranjan pani,Reviewed in India on 25 October 2023,What's the meaning of having a new chip when it provides no generational uplift except only thing that is better than last gen is the hefty power consumption if ur fine with that this will work fine but I think ur electricity bill is gonna sky rocket 3 to 5 % uplift for 15 % more money is not worth it rather buy 13 or 12 gen with some ddr5 ram will help you more or else get r7 7700 will provide less like 10 percent for 50 percentage less power draw ryzen is just better when it comes to desktop processor in efficiency and value for money
BANGMOY CHAKRABORTY,Reviewed in India on 23 October 2023,Beast gaming world 2nd most powerful processor my set up has this processer and RTX 4070 16gb ram 2048gb(2tb) nvme m.2 ssd 850 watts pls buy it
Cliente de Amazon,Reviewed in Mexico on 22 March 2024,"El procesador llego bien empacado y con sus condiciones y funcionalidad excelente, cumple con todo; no tiene disipador de stock, pero hay tener en cuenta que para este tipo de procesadores es necesario un disipador de calor mÃ¡s eficiente que los que vienen en otros procesadores"
Mergatroid,Reviewed in Canada on 8 December 2023,"I was using a 10700K. I decided it was time..well, actually I got the itch.I decided to go with the 14700K for a few reasons. One is that it's the only 14th gen part from Intel that got a significant upgrade (four more e-cores and 8 more threads, plus a small clock boost).I also don't like that the 3DFX part from AMD had caused some minor issues for people, and I definitely don't like the RAM issues I see all the time on AMD systems. If it wasn't for the RAM issues, I may have gone AMD this time. Out of all the Intel systems I have assembled for customers over the years, I have not once come across a RAM issue that wasn't caused by bad RAM.This CPU is working perfectly, and gaming excellently. Gaming benchmarks show it to be a very good CPU, and I am not having any issues with it.If you are interested in any other Intel parts, I suggest going with 13th gen as you will basically get the same part for less money. For an i7 system though, this is an excellent CPU and a half decent upgrade over the previous gen."
ãªã™,Reviewed in Japan on 19 April 2024,7700ï½‹ãŒwindows11ã«å¯¾å¿œã—ã¦ã„ãªã„ã®ã§ãã‚ãã‚æ–°ã—ã„PCã‚’çµ„ã¾ãªã‘ã‚Œã°ã¨æ€ã„ã“ã¡ã‚‰ã‚’é¸ã³ã¾ã—ãŸã€‚ä»Šã¾ã§ãšã£ã¨ï½‹ä»˜ãã®i7ã‚’ä½¿ã£ã¦ããŸã®ã§ä»Šå›ã‚‚ãã†ã—ã¾ã—ãŸã€‚7700ï½‹ãŒæ¶ˆè²»é›»åŠ›91ï½—ãªã®ã«ã“ã¡ã‚‰ã¯253ï½—ã¨ã‚ã‚Šã€ç›®ç‰ãŒé£›ã³å‡ºã—ã¾ã—ãŸã€‚7700ï½‹ã¯è™å¾¹ã§ååˆ†ã«å†·ãˆã¾ã—ãŸãŒã“ã¡ã‚‰ã¯ç„¡ç†ãã†ã§ã€ã‚¯ãƒ¼ãƒ©ãƒ¼ã¯DeepCoolã®AK620ã‚’é¸ã³ã¾ã—ãŸã€‚125ï½—ã«é›»åŠ›åˆ¶é™ã‚’ã‹ã‘ã‚Œã°70åº¦ç¨‹åº¦ã«è½ã¡ç€ãã€å®‰å¿ƒã—ã¦ä½¿ãˆãã†ã§ã™ã€‚ã‚°ãƒªã‚¹ã®å¡—ã‚Šæ–¹ã‚’é©åˆ‡ã«ã™ã‚Œã°ã‚‚ã†å°‘ã—ä¸‹ãŒã‚Šãã†ã«æ€ã„ã¾ã™ã€‚è‚å¿ƒã®ä½¿ç”¨æ„Ÿã§ã™ãŒã€è«–ç†ã‚³ã‚¢å«ã‚ã¦28ã‚³ã‚¢ã‚‚ã‚ã‚‹ã®ã§ã‚ˆã»ã©ã®ä½œæ¥­ã‚’ã—ã¦ã‚‚é‡ããªã‚‰ãªã„ã¨ã„ã†å®‰å¿ƒæ„ŸãŒã‚ã‚Šã¾ã™ã€‚åƒ•ã®ä½¿ç”¨çŠ¶æ³ã‚’è€ƒãˆã‚‹ã¨ã‚ªãƒ¼ãƒãƒ¼ã‚¹ãƒšãƒƒã‚¯ãªã®ã§ã™ãŒã€ã‚ã¨ã«ãªã£ã¦æ€§èƒ½ãŒè¶³ã‚Šãªã„ã¨å¾Œæ‚”ã™ã‚‹ã‚ˆã‚Šã‚‚ã€æ€§èƒ½ã®é«˜ã„æ–¹ã‚’è²·ã£ã¦ååˆ†ãªã‚‚ã®ã‚’è²·ã£ãŸã‚“ã ã¨å®‰å¿ƒã™ã‚‹ã»ã†ãŒåƒ•ã®æ€§ã«åˆã£ã¦ã„ã¾ã™ã€‚åƒ•ãŒi7ã‚’è²·ã„ç¶šã‘ã‚‹ç†ç”±ã¯ã“ã®å®‰å¿ƒæ„Ÿãªã®ã§ã™ã€‚é›»åŠ›åˆ¶é™ãŒå¿…è¦ãªã®ã‚‚åƒ•ã«ã¨ã£ã¦ã¯åˆ©ç‚¹ã§ã™ã€‚æ™®æ®µã¯125ï½—ã«åˆ¶é™ã‚’ã‹ã‘ã¦ãŠã‘ã°ã€ã„ã–ã¨ã„ã†ã¨ãã«åˆ¶é™ã‚’è§£é™¤ã§ãã‚‹ã¨ã„ã†å®‰å¿ƒæ„Ÿã«ã¤ãªãŒã‚‹ã‹ã‚‰ã§ã™ï¼ˆã„ã–ã¨ã„ã†ã¨ããªã‚“ã¦ãã£ã¨æ¥ã¾ã›ã‚“ã€‚åˆ†ã‹ã£ã¦ã„ã¾ã™ï¼‰ä»Šå›ã®i7ã‚‚ååˆ†ãªå®‰å¿ƒæ„Ÿã‚’è²·ãˆãŸã¨æ€ã„ã¾ã™ã€‚
ä¸€èˆ¬äºº,Reviewed in Japan on 8 December 2023,åˆè‡ªä½œã«ä½¿ç”¨ã€‚240mmç°¡æ˜“æ°´å†·ã§ãã“ãã“ã«å†·ã‚„ã›ã¾ã™ç§ã¯åˆ¶é™125wã§é‹ç”¨æœ€æ–°ã®i7ã‚’ä½¿ã£ã¦ã„ã‚‹ã ã‘ã§æ°—åˆ†çš„ã«ã¯æœ€é«˜ã§ã™
Blaz Cegnar,Reviewed in Germany on 15 March 2024,"Haven't installed yet but looks fine. Die size is 30x40 mm, meaning 0,3 ml/0,8 g is the perfect amount of thermal paste (not included). I'll put 5 dots."
Falcos01,Reviewed in Canada on 18 January 2024,"Arrived earlier than expected, a very good Cpu. Expansive but what could we do."
Rich and Jen,Reviewed in the United States on 3 January 2024,"I guess everyone is right, these things are hot and then some.  I went with a off brand AIO, and for the most part I'm good.  It does get spicy when I'm rendering or doing some crazy multi tasking.Gaming seems fine, no issues.  I play all kinds of games, FPS, MMO's, survival, etc.  (Paired with a Gigabyte Gaming 4090 OC, Tforce 64 gigs 6000 M/T DDR5, samsung 990 pro NVME 2 tb x2, no OCing done by me.)I replaced a 5950x, which was having issues for some reason, just felt like it was getting slower and slower, thermal paste and heat were fine on it, never got over 60c with the beefier AIO I had on it.  Just took longer and longer to render things.  I guess I wore it out!I just think you'll want a good AIO, and/or a solid water cooling solution for this to really get the best out of it.  I'm not sure a air cooled option will do you any good, but hey I've been wrong many times, so there might be something that can handle the job.All in all, not bad, but it's not going to give you much performance boost over last gen, matter of fact I found out later 13700k beats it in a lot of tests, blargh!  Either way, its fast, and it runs everything great, so I'm happy till the next go around."
Simon R,Reviewed in Germany on 13 January 2024,"Nachdem ich vor einer Weile auf einen 2k 144hz Bildschirm geupgraded hab, hat mein 9600k das Bocken angefangen und konnte in letzter Zeit nicht mehr die gewÃ¼nschte Leistung bringen.Hab jetzt seit ein paar Tagen dieses gute StÃ¼ck hier und was soll man sagenâ€¦ ein Rennpferd bester GÃ¼te. High End Gaming bewÃ¤ltigt der 14700k MÃ¼helos. (ein Beispiel: Forza Motorsport unter 25% auslastung laut taskmanager und laut intel monitoring unter 5% auslastung... verwirrend) Man kÃ¶nnte  auch 2 oder 3+ Titel gleichzeitig laufen lassen wenn die Grafikkarte das mitmacht.Mit meiner aio kÃ¼hlung kann er im Stresstest schon auf 90 grad hochgehen, die ist aber schon bisschen Ã¤lter, mit einer neuen lÃ¤sst sich da sicher noch was machen.In Spielen ca. 60-70grad.die performance ist jedenfalls hervorragenddas geld hat sich jedenfalls gelohnt, allerdings ist jetzt meine 3070 wieder das bottleneck ğŸ˜‚ğŸ‘"
Manas ranjan pani,Reviewed in India on 25 October 2023,What's the meaning of having a new chip when it provides no generational uplift except only thing that is better than last gen is the hefty power consumption if ur fine with that this will work fine but I think ur electricity bill is gonna sky rocket 3 to 5 % uplift for 15 % more money is not worth it rather buy 13 or 12 gen with some ddr5 ram will help you more or else get r7 7700 will provide less like 10 percent for 50 percentage less power draw ryzen is just better when it comes to desktop processor in efficiency and value for money
BANGMOY CHAKRABORTY,Reviewed in India on 23 October 2023,Beast gaming world 2nd most powerful processor my set up has this processer and RTX 4070 16gb ram 2048gb(2tb) nvme m.2 ssd 850 watts pls buy it
Cliente de Amazon,Reviewed in Mexico on 22 March 2024,"El procesador llego bien empacado y con sus condiciones y funcionalidad excelente, cumple con todo; no tiene disipador de stock, pero hay tener en cuenta que para este tipo de procesadores es necesario un disipador de calor mÃ¡s eficiente que los que vienen en otros procesadores"
Mergatroid,Reviewed in Canada on 8 December 2023,"I was using a 10700K. I decided it was time..well, actually I got the itch.I decided to go with the 14700K for a few reasons. One is that it's the only 14th gen part from Intel that got a significant upgrade (four more e-cores and 8 more threads, plus a small clock boost).I also don't like that the 3DFX part from AMD had caused some minor issues for people, and I definitely don't like the RAM issues I see all the time on AMD systems. If it wasn't for the RAM issues, I may have gone AMD this time. Out of all the Intel systems I have assembled for customers over the years, I have not once come across a RAM issue that wasn't caused by bad RAM.This CPU is working perfectly, and gaming excellently. Gaming benchmarks show it to be a very good CPU, and I am not having any issues with it.If you are interested in any other Intel parts, I suggest going with 13th gen as you will basically get the same part for less money. For an i7 system though, this is an excellent CPU and a half decent upgrade over the previous gen."
ãªã™,Reviewed in Japan on 19 April 2024,7700ï½‹ãŒwindows11ã«å¯¾å¿œã—ã¦ã„ãªã„ã®ã§ãã‚ãã‚æ–°ã—ã„PCã‚’çµ„ã¾ãªã‘ã‚Œã°ã¨æ€ã„ã“ã¡ã‚‰ã‚’é¸ã³ã¾ã—ãŸã€‚ä»Šã¾ã§ãšã£ã¨ï½‹ä»˜ãã®i7ã‚’ä½¿ã£ã¦ããŸã®ã§ä»Šå›ã‚‚ãã†ã—ã¾ã—ãŸã€‚7700ï½‹ãŒæ¶ˆè²»é›»åŠ›91ï½—ãªã®ã«ã“ã¡ã‚‰ã¯253ï½—ã¨ã‚ã‚Šã€ç›®ç‰ãŒé£›ã³å‡ºã—ã¾ã—ãŸã€‚7700ï½‹ã¯è™å¾¹ã§ååˆ†ã«å†·ãˆã¾ã—ãŸãŒã“ã¡ã‚‰ã¯ç„¡ç†ãã†ã§ã€ã‚¯ãƒ¼ãƒ©ãƒ¼ã¯DeepCoolã®AK620ã‚’é¸ã³ã¾ã—ãŸã€‚125ï½—ã«é›»åŠ›åˆ¶é™ã‚’ã‹ã‘ã‚Œã°70åº¦ç¨‹åº¦ã«è½ã¡ç€ãã€å®‰å¿ƒã—ã¦ä½¿ãˆãã†ã§ã™ã€‚ã‚°ãƒªã‚¹ã®å¡—ã‚Šæ–¹ã‚’é©åˆ‡ã«ã™ã‚Œã°ã‚‚ã†å°‘ã—ä¸‹ãŒã‚Šãã†ã«æ€ã„ã¾ã™ã€‚è‚å¿ƒã®ä½¿ç”¨æ„Ÿã§ã™ãŒã€è«–ç†ã‚³ã‚¢å«ã‚ã¦28ã‚³ã‚¢ã‚‚ã‚ã‚‹ã®ã§ã‚ˆã»ã©ã®ä½œæ¥­ã‚’ã—ã¦ã‚‚é‡ããªã‚‰ãªã„ã¨ã„ã†å®‰å¿ƒæ„ŸãŒã‚ã‚Šã¾ã™ã€‚åƒ•ã®ä½¿ç”¨çŠ¶æ³ã‚’è€ƒãˆã‚‹ã¨ã‚ªãƒ¼ãƒãƒ¼ã‚¹ãƒšãƒƒã‚¯ãªã®ã§ã™ãŒã€ã‚ã¨ã«ãªã£ã¦æ€§èƒ½ãŒè¶³ã‚Šãªã„ã¨å¾Œæ‚”ã™ã‚‹ã‚ˆã‚Šã‚‚ã€æ€§èƒ½ã®é«˜ã„æ–¹ã‚’è²·ã£ã¦ååˆ†ãªã‚‚ã®ã‚’è²·ã£ãŸã‚“ã ã¨å®‰å¿ƒã™ã‚‹ã»ã†ãŒåƒ•ã®æ€§ã«åˆã£ã¦ã„ã¾ã™ã€‚åƒ•ãŒi7ã‚’è²·ã„ç¶šã‘ã‚‹ç†ç”±ã¯ã“ã®å®‰å¿ƒæ„Ÿãªã®ã§ã™ã€‚é›»åŠ›åˆ¶é™ãŒå¿…è¦ãªã®ã‚‚åƒ•ã«ã¨ã£ã¦ã¯åˆ©ç‚¹ã§ã™ã€‚æ™®æ®µã¯125ï½—ã«åˆ¶é™ã‚’ã‹ã‘ã¦ãŠã‘ã°ã€ã„ã–ã¨ã„ã†ã¨ãã«åˆ¶é™ã‚’è§£é™¤ã§ãã‚‹ã¨ã„ã†å®‰å¿ƒæ„Ÿã«ã¤ãªãŒã‚‹ã‹ã‚‰ã§ã™ï¼ˆã„ã–ã¨ã„ã†ã¨ããªã‚“ã¦ãã£ã¨æ¥ã¾ã›ã‚“ã€‚åˆ†ã‹ã£ã¦ã„ã¾ã™ï¼‰ä»Šå›ã®i7ã‚‚ååˆ†ãªå®‰å¿ƒæ„Ÿã‚’è²·ãˆãŸã¨æ€ã„ã¾ã™ã€‚
ä¸€èˆ¬äºº,Reviewed in Japan on 8 December 2023,åˆè‡ªä½œã«ä½¿ç”¨ã€‚240mmç°¡æ˜“æ°´å†·ã§ãã“ãã“ã«å†·ã‚„ã›ã¾ã™ç§ã¯åˆ¶é™125wã§é‹ç”¨æœ€æ–°ã®i7ã‚’ä½¿ã£ã¦ã„ã‚‹ã ã‘ã§æ°—åˆ†çš„ã«ã¯æœ€é«˜ã§ã™
Blaz Cegnar,Reviewed in Germany on 15 March 2024,"Haven't installed yet but looks fine. Die size is 30x40 mm, meaning 0,3 ml/0,8 g is the perfect amount of thermal paste (not included). I'll put 5 dots."
Falcos01,Reviewed in Canada on 18 January 2024,"Arrived earlier than expected, a very good Cpu. Expansive but what could we do."
Rich and Jen,Reviewed in the United States on 3 January 2024,"I guess everyone is right, these things are hot and then some.  I went with a off brand AIO, and for the most part I'm good.  It does get spicy when I'm rendering or doing some crazy multi tasking.Gaming seems fine, no issues.  I play all kinds of games, FPS, MMO's, survival, etc.  (Paired with a Gigabyte Gaming 4090 OC, Tforce 64 gigs 6000 M/T DDR5, samsung 990 pro NVME 2 tb x2, no OCing done by me.)I replaced a 5950x, which was having issues for some reason, just felt like it was getting slower and slower, thermal paste and heat were fine on it, never got over 60c with the beefier AIO I had on it.  Just took longer and longer to render things.  I guess I wore it out!I just think you'll want a good AIO, and/or a solid water cooling solution for this to really get the best out of it.  I'm not sure a air cooled option will do you any good, but hey I've been wrong many times, so there might be something that can handle the job.All in all, not bad, but it's not going to give you much performance boost over last gen, matter of fact I found out later 13700k beats it in a lot of tests, blargh!  Either way, its fast, and it runs everything great, so I'm happy till the next go around."
Simon R,Reviewed in Germany on 13 January 2024,"Nachdem ich vor einer Weile auf einen 2k 144hz Bildschirm geupgraded hab, hat mein 9600k das Bocken angefangen und konnte in letzter Zeit nicht mehr die gewÃ¼nschte Leistung bringen.Hab jetzt seit ein paar Tagen dieses gute StÃ¼ck hier und was soll man sagenâ€¦ ein Rennpferd bester GÃ¼te. High End Gaming bewÃ¤ltigt der 14700k MÃ¼helos. (ein Beispiel: Forza Motorsport unter 25% auslastung laut taskmanager und laut intel monitoring unter 5% auslastung... verwirrend) Man kÃ¶nnte  auch 2 oder 3+ Titel gleichzeitig laufen lassen wenn die Grafikkarte das mitmacht.Mit meiner aio kÃ¼hlung kann er im Stresstest schon auf 90 grad hochgehen, die ist aber schon bisschen Ã¤lter, mit einer neuen lÃ¤sst sich da sicher noch was machen.In Spielen ca. 60-70grad.die performance ist jedenfalls hervorragenddas geld hat sich jedenfalls gelohnt, allerdings ist jetzt meine 3070 wieder das bottleneck ğŸ˜‚ğŸ‘"
Yogesh Sharma,Reviewed in India on 23 July 2023,Ultimate Performance
Ernesto,Reviewed in Spain on 21 December 2023,Muito bom recomendo e entrega rapida.
Sandrine,Reviewed in France on 21 August 2022,"Processeur utilisÃ© pour du montage vidÃ©o, retouches photos et un peu de jeu, processeur Ã  l'aise et chauffe beaucoup moins que le modÃ¨le K."
ã¡ã‘,Reviewed in Japan on 26 February 2023,ARMORED CORE VIã®ç™ºè¡¨ã‚’æ©Ÿã«10å¹´ã¶ã‚Šã«PCã‚’çµ„ã¿ãŸããªã£ãŸã®ã§è³¼å…¥ã—ã¾ã—ãŸãŒã€ç™ºç†±ãŒé«˜ã„ã®ã§Deepcool AK620ã®cpuã‚¯ãƒ¼ãƒ©ãƒ¼ã¨åˆã‚ã›ã¦ä½¿ã„ã¤ã¤ã€åã‚Šé˜²æ­¢ãƒ•ãƒ¬ãƒ¼ãƒ ã‚‚å–ã‚Šä»˜ã‘ã¦ã‚²ãƒ¼ãƒŸãƒ³ã‚°PCã¨ã—ã¦ä½¿ã£ã¦ã„ã¾ã™ã€‚Star Citizenã¨ã„ã†ã‚²ãƒ¼ãƒ ã«ã ã‘ã¯æ€§èƒ½ãŒè‹¥å¹²è¶³ã‚Šãªã„ã®ã§ã€å¾Œã€…13ä¸–ä»£ä»¥é™ã®CPUã«è²·ã„æ›¿ãˆã‚‹ã‹ã‚‚ã—ã‚Œã¾ã›ã‚“ãƒ»ãƒ»ãƒ»ãŒä¸€èˆ¬çš„ãªæœ‰åã‚²ãƒ¼ãƒ ã§éŠã¶åˆ†ã«ã¯å¿«é©ã«éŠã¹ã¦ã„ã¾ã™ã€‚i7-12700Kã¨æ‚©ã¿ã¾ã—ãŸãŒæ€§èƒ½ã¨æ¶ˆè²»é›»åŠ›ã®ãƒãƒ©ãƒ³ã‚¹ã‚’è€ƒãˆç„¡å°ã«ã—ã¾ã—ãŸã€‚ï¼ˆå®¶ã®äº‹æƒ…ã§å†¬ã¯é›»åŠ›æ¶ˆè²»ãŒå¤§ãã„ã¨ãƒ–ãƒ¬ãƒ¼ã‚«ãƒ¼ãŒè½ã¡ã‚‹å¯èƒ½æ€§ãŒã‚ã‚‹ã®ã§ãƒ»ãƒ»ãƒ»ï¼‰ä»–ã®æ–¹ã‚‚æ›¸ã„ã¦ã„ã¾ã™ãŒCPUã‚¯ãƒ¼ãƒ©ãƒ¼ã¨åã‚Šé˜²æ­¢ãƒ•ãƒ¬ãƒ¼ãƒ ã¯åˆ¥é€”è³¼å…¥ã—ãŸæ–¹ãŒã„ã„ã§ã™ã­ã€‚ç™ºç†±ã¨åã‚Šã®å¯¾ç­–ãŒå‡ºæ¥ã‚Œã°ä¸€èˆ¬çš„ãªã‚²ãƒ¼ãƒ ä½¿ç”¨ã«ã¯æº€è¶³ã§ãã‚‹è£½å“ã§ã™ã®ã§â˜†ï¼•ã«ã—ã¾ã—ãŸã€‚
JohnC,Reviewed in the United Kingdom on 2 August 2023,"Upgraded PC with mother board and graphics card, new board did not facilitate my older processor. Bought this as I considered it fast enough for my needs and at a reasonable price. All works great."
Alexandr,Reviewed in Germany on 23 April 2024,Funktioniert super
Gualty,Reviewed in Italy on 21 March 2024,Cpu di elevatissime prestazioni con scheda grafica incorporata molto potente
John W.,Reviewed in the United Kingdom on 1 May 2022,"Paired this with 32gb corsair dominator DDR5 @5800mhz , asus prime A , and a 3070ti on windows 11 and I'm having a really smooth experience. Games run flawlessly and much smoother than my 10900k, went into Bios and unlocked the 65w limit and away you go. The cpu stays cool (under lian li galahad 240). Really can't fault it in anyway."
Samer Shekhmous,Reviewed in Germany on 11 January 2024,Gut
Manu,Reviewed in France on 7 April 2022,"Super processeur, trÃ¨s puissant, ne chauffe pas mÃªme avec le ventilo Intel fourni. CommandÃ© le dimanche reÃ§u le mardi.... Que du bonheur il se balade dans tous les jeux."
Awaddd,Reviewed in the United Kingdom on 27 April 2024,Really good and can basically run any game I throw at it.(Paired with a 1650 Ventus
Kristopher K.,Reviewed in Germany on 31 March 2023,"Dieser Prozessor hat sich als eine gute Wahl fÃ¼r meinen Low-Budget-PC herausgestellt. Er bietet ausreichend Leistung fÃ¼r alltÃ¤gliche Aufgaben wie Surfen im Internet und Bearbeiten von Dokumenten. Auch einfache Spiele laufen problemlos. Der Turbo-Boost sorgt fÃ¼r zusÃ¤tzliche Power, wenn sie benÃ¶tigt wird. Der Preis ist im Vergleich zu hÃ¶heren Modellen sehr erschwinglich. Ich bin mit dem Intel Core i3-10105F sehr zufrieden und wÃ¼rde ihn jedem empfehlen, der einen kostengÃ¼nstigen PC bauen mÃ¶chte.Mein Patenkind konnte Fortnite problemlos auf meinem Low-Budget-PC mit dem Intel Core i3-10105F und einer RTX 2070 Super spielen. NatÃ¼rlich gibt es Grenzen fÃ¼r komplexe Anwendungen und Spiele, aber fÃ¼r alltÃ¤gliche Aufgaben und einfache Spiele ist dieser Prozessor vollkommen ausreichend. Die Installation war einfach und die Leistung ist stabil. Wenn man bedenkt, dass es eine preisgÃ¼nstige Option fÃ¼r einen Prozessor der 10. Generation ist, bin ich sehr zufrieden damit."
Lorenzo Ruiz,Reviewed in Australia on 16 November 2021,"Was tired of salvaging old pc parts, just not reliable long term esp. if you have important files. Future proofed myself for the next few years with this intel i3 10th gen comet lake refresh cpu. See 3rd picture for benchmark. Happy with purchase!"
Raoul,Reviewed in Mexico on 18 May 2022,Increible funciona de maravilla junto con 16gb de ram TEAMGROUP T-Force Vulcan Z DDR4 y una Asus TUF-GTX1650-O4GD6-P-GAMING todo en una Asus Prime H510M-E INCREIBLE corre desde Escape from Tarkov hasta Elden Ring lo recomiendo mucho
SeFra,Reviewed in Italy on 25 November 2022,"Lasciate perdere commenti o recensioni di gente che capisce poco di informatica...questo non Ã¨ un semplice processore SOLO da ufficio o internet, Ã¨ un gran bel processore con un prezzo incredibile...non esiste nessun processore sotto i 130 euro che lontanamente si avvicini alle sue prestazioni..abbinatelo ad una buona scheda video e vi darÃ  grandi soddisfazioni anche in game. Ottima la stabilitÃ . Lo consiglio."
Bruno wescley de castro Miranda,Reviewed in Brazil on 20 January 2023,"Ã“timo processador custo benefÃ­cio, tinha um i7 da terceira geraÃ§Ã£o e esse mesmo sendo i3 Ã© superior aos top das linhas passadas, meus jogos melhoraram bastante com minha GTX 1660"
C. M.,Reviewed in France on 27 May 2023,"Bon marchÃ© et efficace pour une utilisation basique, gÃ©nÃ©ration plus Ã¢gÃ©e."
Kuba,Reviewed in the Netherlands on 2 October 2023,Waar is mijn geld!!! Ik wacht 4 weeken op
Gabriel Vilas,Reviewed in Spain on 19 September 2023,Por el precio que tiene es el mejor procesador del mercado para un uso normal o gaming bÃ¡sico.El procesador con el disipador de serie funciona sin problemas y no veo necesario buscar otra soluciÃ³n de refrigeraciÃ³n a no ser que se quiera hacer un uso realmente intenso y en tal caso un disipador de 20/30â‚¬ te hace el apaÃ±o y mÃ¡s.
Feng Yang,Reviewed in the United Kingdom on 20 September 2021,"Too good to not not-leave a review. Got it Â£75, each core cost only Â£19. played a set of games, Performance is close to I5 10400F. very happy with it. it is cool and quite, the MAX temperature I have is about 55c with a budget cooler master cooler."
